Kelompok Pengeluaran,Komoditas Makanan,Pengeluaran per minggu per kapita
"<150,000",PADI-PADIAN,9973
"<150,000","Beras (beras lokal, kualitas unggul, impor)",8690
"<150,000",Beras ketan,0
"<150,000",Jagung basah degan kulit,0
"<150,000",Jagung pipilan/beras jagung/jagung titi,1153
"<150,000",Tepung terigu,130
"<150,000",Padi-padian lainnya,0
"<150,000",UMBI-UMBIAN,2878
"<150,000",Ketala pohon/singkong,0
"<150,000",Ketela rambat/ubi jalar,1609
"<150,000",Sagu (bukan dari ketela pohon),416
"<150,000",Talas/keladi,666
"<150,000",Kentang,0
"<150,000",Gaplek,0
"<150,000",Umbi-umbian lainnya,188
"<150,000",IKAN,1206
"<150,000",Ekor kuning,0
"<150,000","Tongkol, tuna, cakalang, dencis, ikan kayu",88
"<150,000",Tenggiri,0
"<150,000",Selar,199
"<150,000","Kembung, lema/tatare, banyar/banyara",0
"<150,000",Teri,0
"<150,000",Bandeng,2
"<150,000",Gabus,90
"<150,000",Mujair,0
"<150,000","Mas, Nila",0
"<150,000",Lele,0
"<150,000",Kakap,69
"<150,000",Baronang,0
"<150,000",Patin,0
"<150,000",Bawal,0
"<150,000",Gurame,0
"<150,000",Ikan segar/basah lainnya,443
"<150,000","Udang, lobster",0
"<150,000","Cumi-cumi, sotong, gurita",151
"<150,000","Ketam, kepiting, rajungan",0
"<150,000","Kerang, siput, bekicot, remis",90
"<150,000",Udang dan hewan air lainnya yang segar lainnya,0
"<150,000",Kembung diawetkan/peda,0
"<150,000",Tenggiri diawetkan,0
"<150,000",Tongkol/tuna/cakalang diawetkan,1
"<150,000",Teri diawetkan,0
"<150,000",Selar diawetkan,0
"<150,000",Sepat diawetkan,0
"<150,000",Bandeng diawetkan,0
"<150,000",Gabus diawetkan,0
"<150,000","Ikan dalam kaleng (sardencis, tuna dalam kaleng, dsb)",0
"<150,000",Ikan diawetkan lainnya,73
"<150,000","Udang diawetkan (ebi, rebon)",0
"<150,000","Cumi-cumi, sotong, gurita diawetkan",0
"<150,000",Udang dan hewan air lainnya yang diawetkan,0
"<150,000",Ikan matang,0
"<150,000",DAGING,2872
"<150,000",Daging sapi,0
"<150,000","Daging kambing, domba/biri-biri",0
"<150,000",Daging babi,2387
"<150,000",Daging ayam ras,0
"<150,000",Daging ayam kampung,485
"<150,000",Daging segar lainnya,0
"<150,000",Daging diawetkan lainnya,0
"<150,000","Tetelan, sandung lamur",0
"<150,000","Lainnya ( hati, jeroan, iga, kaki, buntut, kepala, dsb)",0
"<150,000","Ayam/daging matang (ayam goreng, rendang, dsb)",0
"<150,000","Daging olahan (sosis, nugget, daging asap, dsb) matang",0
"<150,000",TELUR DAN SUSU,387
"<150,000",Telur ayam ras,387
"<150,000",Telur ayam kampung,0
"<150,000",Telur itik/telur itik manila,0
"<150,000","Telur lainnya (telur puyuh, telur asin mentah maupun matang,",0
"<150,000",Susu cair pabrik,0
"<150,000",Susu kental manis,0
"<150,000",Susu bubuk,0
"<150,000",Susu bubuk bayi,0
"<150,000",Susu lainnya dan hasil lain dari susu,0
"<150,000",SAYUR-SAYURAN,2277
"<150,000",Bayam,68
"<150,000",Kangkung,157
"<150,000",Kol/Kubis,0
"<150,000",Sawi putih (petsai),0
"<150,000",Sawi hijau,0
"<150,000",Buncis,198
"<150,000",Kacang panjang,0
"<150,000","Tomat sayur, tomat ceri",0
"<150,000",Wortel,0
"<150,000",Mentimun,0
"<150,000",Daun ketela pohon/daun singkong,119
"<150,000",Terong,58
"<150,000",Tauge,0
"<150,000","Labu, labu siam, labu parang",205
"<150,000",Bahan sayur sop/cap cay/ kimlo (paket),0
"<150,000",Bahan sayur asam/lodeh (paket),0
"<150,000",Nangka muda,130
"<150,000",Pepaya muda,174
"<150,000",Jengkol,0
"<150,000",Bawang merah,308
"<150,000",Bawang putih,193
"<150,000",Cabe merah,139
"<150,000",Cabe hijau,0
"<150,000",Cabe rawit,30
"<150,000",Sayur-sayuran lainnya,499
"<150,000",KACANG-KACANGAN,0
"<150,000",Kacang tanah tanpa kulit,0
"<150,000",Kacang kedele,0
"<150,000",Kacang lainnya,0
"<150,000",Tahu,0
"<150,000",Tempe,0
"<150,000",Oncom,0
"<150,000",Hasil lain dari kacang-kacangan,0
"<150,000",BUAH-BUAHAN,480
"<150,000","Jeruk, jeruk bali",0
"<150,000",Mangga,0
"<150,000",Apel,0
"<150,000",Rambutan,48
"<150,000","Duku, langsat",48
"<150,000",Durian,0
"<150,000",Salak,0
"<150,000",Pisang ambon,0
"<150,000",Pisang lainnya,146
"<150,000",Pepaya,0
"<150,000",Semangka,0
"<150,000",Tomat buah,0
"<150,000",Buah-buahan lainnya,239
"<150,000",MINYAK DAN KELAPA,1072
"<150,000",Minyak kelapa,1
"<150,000","Minyak goreng (kelapa sawit, bunga matahari)",805
"<150,000",Kelapa (tidak termasuk santan instan),30
"<150,000",Minyak dan kelapa lainnya,235
"<150,000",BAHAN MINUMAN,1289
"<150,000",Gula pasir,1007
"<150,000","Gula merah, gula air (pohom aren, kelapa, lontar)",0
"<150,000",Teh bubuk,101
"<150,000",Teh celup (sachet),89
"<150,000","Kopi (bubuk,biji)",91
"<150,000",Kopi instan (sachet),0
"<150,000",Bahan minuman lainnya,0
"<150,000",BUMBU-BUMBUAN,388
"<150,000",Garam,72
"<150,000",Kemiri,0
"<150,000",Ketumbar/jinten,0
"<150,000",Merica/lada,22
"<150,000",Asam,112
"<150,000",Terasi/petis,11
"<150,000",Kecap,0
"<150,000",Penyedap masakan/vetsin,75
"<150,000",Sambal jadi,0
"<150,000",Saus tomat,0
"<150,000","Bumbu maskan jadi/kemasan, bumbu racikan",35
"<150,000","Bumbu dapur lainnya (pala, jahe, kunyit, dsb)",62
"<150,000",BAHAN MAKANAN LAINNYA,595
"<150,000",Mie instan,519
"<150,000",Kerupuk,0
"<150,000",Bubur bayi kemasan,0
"<150,000",Lainnya,76
"<150,000",MAKANAN MINUMAN JADI,1271
"<150,000",Roti tawar,0
"<150,000","Roti manis, roti lainnya",237
"<150,000","Kue kering, biskuit, semprong",138
"<150,000","Kue basah (kue lapis, bika ambon, lemper, dsb)",38
"<150,000",Makanan gorengan,198
"<150,000",Bubur kacang hijau,0
"<150,000","Gado-gado, ketoprak, pecel",0
"<150,000",Nasi campur/rames,43
"<150,000",Nasi goreng,0
"<150,000",Nasi putih,0
"<150,000",Lontong/ketupat sayur,0
"<150,000","Soto, gule, sop, rawon, cincang",0
"<150,000","Sayur matang (ditumis, disantan, dsb)",0
"<150,000","Sate, tongseng",0
"<150,000","Mie bakso, mie rebus, mie goreng",46
"<150,000",Mie instan,0
"<150,000","Makanan ringan anak-anak, krupuk/kripik",196
"<150,000",Bubur ayam,0
"<150,000","Siomay, batagor",0
"<150,000",Makanan jadi lainnya,0
"<150,000",Air kemasan,0
"<150,000",Air kemasan galon,0
"<150,000","Air teh kemasan, minuman bersoda/mengandung CO2",259
"<150,000","Sari buah kemasan, minuman kesehatan, minuman berenergi",0
"<150,000","Minuman jadi (kopi, kopi susu, teh, susu coklat, dsb)",117
"<150,000",Es krim,0
"<150,000",Es lainnya,0
"<150,000",Minuman keras,0
"<150,000",ROKOK DAN TEMBAKAU,365
"<150,000",Rokok kretek filter,1
"<150,000",Rokok kretek tanpa filter,0
"<150,000",Rokok putih,0
"<150,000",Tembakau,200
"<150,000",Rokok dan tembakau lainnya,163
"150,000 - 199,999",PADI-PADIAN,11392
"150,000 - 199,999","Beras (beras lokal, kualitas unggul, impor)",10406
"150,000 - 199,999",Beras ketan,0
"150,000 - 199,999",Jagung basah degan kulit,192
"150,000 - 199,999",Jagung pipilan/beras jagung/jagung titi,717
"150,000 - 199,999",Tepung terigu,55
"150,000 - 199,999",Padi-padian lainnya,22
"150,000 - 199,999",UMBI-UMBIAN,1454
"150,000 - 199,999",Ketala pohon/singkong,491
"150,000 - 199,999",Ketela rambat/ubi jalar,338
"150,000 - 199,999",Sagu (bukan dari ketela pohon),270
"150,000 - 199,999",Talas/keladi,288
"150,000 - 199,999",Kentang,1
"150,000 - 199,999",Gaplek,47
"150,000 - 199,999",Umbi-umbian lainnya,20
"150,000 - 199,999",IKAN,2740
"150,000 - 199,999",Ekor kuning,33
"150,000 - 199,999","Tongkol, tuna, cakalang, dencis, ikan kayu",382
"150,000 - 199,999",Tenggiri,11
"150,000 - 199,999",Selar,34
"150,000 - 199,999","Kembung, lema/tatare, banyar/banyara",139
"150,000 - 199,999",Teri,136
"150,000 - 199,999",Bandeng,229
"150,000 - 199,999",Gabus,98
"150,000 - 199,999",Mujair,67
"150,000 - 199,999","Mas, Nila",33
"150,000 - 199,999",Lele,2
"150,000 - 199,999",Kakap,31
"150,000 - 199,999",Baronang,6
"150,000 - 199,999",Patin,17
"150,000 - 199,999",Bawal,0
"150,000 - 199,999",Gurame,0
"150,000 - 199,999",Ikan segar/basah lainnya,491
"150,000 - 199,999","Udang, lobster",15
"150,000 - 199,999","Cumi-cumi, sotong, gurita",47
"150,000 - 199,999","Ketam, kepiting, rajungan",19
"150,000 - 199,999","Kerang, siput, bekicot, remis",21
"150,000 - 199,999",Udang dan hewan air lainnya yang segar lainnya,0
"150,000 - 199,999",Kembung diawetkan/peda,161
"150,000 - 199,999",Tenggiri diawetkan,0
"150,000 - 199,999",Tongkol/tuna/cakalang diawetkan,164
"150,000 - 199,999",Teri diawetkan,281
"150,000 - 199,999",Selar diawetkan,41
"150,000 - 199,999",Sepat diawetkan,0
"150,000 - 199,999",Bandeng diawetkan,17
"150,000 - 199,999",Gabus diawetkan,0
"150,000 - 199,999","Ikan dalam kaleng (sardencis, tuna dalam kaleng, dsb)",7
"150,000 - 199,999",Ikan diawetkan lainnya,173
"150,000 - 199,999","Udang diawetkan (ebi, rebon)",5
"150,000 - 199,999","Cumi-cumi, sotong, gurita diawetkan",0
"150,000 - 199,999",Udang dan hewan air lainnya yang diawetkan,17
"150,000 - 199,999",Ikan matang,63
"150,000 - 199,999",DAGING,831
"150,000 - 199,999",Daging sapi,37
"150,000 - 199,999","Daging kambing, domba/biri-biri",15
"150,000 - 199,999",Daging babi,120
"150,000 - 199,999",Daging ayam ras,89
"150,000 - 199,999",Daging ayam kampung,288
"150,000 - 199,999",Daging segar lainnya,23
"150,000 - 199,999",Daging diawetkan lainnya,0
"150,000 - 199,999","Tetelan, sandung lamur",0
"150,000 - 199,999","Lainnya ( hati, jeroan, iga, kaki, buntut, kepala, dsb)",0
"150,000 - 199,999","Ayam/daging matang (ayam goreng, rendang, dsb)",0
"150,000 - 199,999","Daging olahan (sosis, nugget, daging asap, dsb) matang",259
"150,000 - 199,999",TELUR DAN SUSU,806
"150,000 - 199,999",Telur ayam ras,570
"150,000 - 199,999",Telur ayam kampung,89
"150,000 - 199,999",Telur itik/telur itik manila,37
"150,000 - 199,999","Telur lainnya (telur puyuh, telur asin mentah maupun matang,",0
"150,000 - 199,999",Susu cair pabrik,0
"150,000 - 199,999",Susu kental manis,95
"150,000 - 199,999",Susu bubuk,4
"150,000 - 199,999",Susu bubuk bayi,8
"150,000 - 199,999",Susu lainnya dan hasil lain dari susu,4
"150,000 - 199,999",SAYUR-SAYURAN,2829
"150,000 - 199,999",Bayam,190
"150,000 - 199,999",Kangkung,158
"150,000 - 199,999",Kol/Kubis,64
"150,000 - 199,999",Sawi putih (petsai),1
"150,000 - 199,999",Sawi hijau,9
"150,000 - 199,999",Buncis,10
"150,000 - 199,999",Kacang panjang,127
"150,000 - 199,999","Tomat sayur, tomat ceri",87
"150,000 - 199,999",Wortel,8
"150,000 - 199,999",Mentimun,33
"150,000 - 199,999",Daun ketela pohon/daun singkong,231
"150,000 - 199,999",Terong,112
"150,000 - 199,999",Tauge,23
"150,000 - 199,999","Labu, labu siam, labu parang",76
"150,000 - 199,999",Bahan sayur sop/cap cay/ kimlo (paket),15
"150,000 - 199,999",Bahan sayur asam/lodeh (paket),0
"150,000 - 199,999",Nangka muda,29
"150,000 - 199,999",Pepaya muda,91
"150,000 - 199,999",Jengkol,0
"150,000 - 199,999",Bawang merah,365
"150,000 - 199,999",Bawang putih,272
"150,000 - 199,999",Cabe merah,77
"150,000 - 199,999",Cabe hijau,19
"150,000 - 199,999",Cabe rawit,376
"150,000 - 199,999",Sayur-sayuran lainnya,456
"150,000 - 199,999",KACANG-KACANGAN,407
"150,000 - 199,999",Kacang tanah tanpa kulit,27
"150,000 - 199,999",Kacang kedele,0
"150,000 - 199,999",Kacang lainnya,25
"150,000 - 199,999",Tahu,184
"150,000 - 199,999",Tempe,171
"150,000 - 199,999",Oncom,0
"150,000 - 199,999",Hasil lain dari kacang-kacangan,0
"150,000 - 199,999",BUAH-BUAHAN,816
"150,000 - 199,999","Jeruk, jeruk bali",1
"150,000 - 199,999",Mangga,9
"150,000 - 199,999",Apel,8
"150,000 - 199,999",Rambutan,119
"150,000 - 199,999","Duku, langsat",208
"150,000 - 199,999",Durian,24
"150,000 - 199,999",Salak,0
"150,000 - 199,999",Pisang ambon,91
"150,000 - 199,999",Pisang lainnya,275
"150,000 - 199,999",Pepaya,11
"150,000 - 199,999",Semangka,2
"150,000 - 199,999",Tomat buah,37
"150,000 - 199,999",Buah-buahan lainnya,32
"150,000 - 199,999",MINYAK DAN KELAPA,1069
"150,000 - 199,999",Minyak kelapa,109
"150,000 - 199,999","Minyak goreng (kelapa sawit, bunga matahari)",843
"150,000 - 199,999",Kelapa (tidak termasuk santan instan),64
"150,000 - 199,999",Minyak dan kelapa lainnya,52
"150,000 - 199,999",BAHAN MINUMAN,1531
"150,000 - 199,999",Gula pasir,859
"150,000 - 199,999","Gula merah, gula air (pohom aren, kelapa, lontar)",11
"150,000 - 199,999",Teh bubuk,68
"150,000 - 199,999",Teh celup (sachet),59
"150,000 - 199,999","Kopi (bubuk,biji)",490
"150,000 - 199,999",Kopi instan (sachet),44
"150,000 - 199,999",Bahan minuman lainnya,0
"150,000 - 199,999",BUMBU-BUMBUAN,553
"150,000 - 199,999",Garam,154
"150,000 - 199,999",Kemiri,27
"150,000 - 199,999",Ketumbar/jinten,12
"150,000 - 199,999",Merica/lada,15
"150,000 - 199,999",Asam,52
"150,000 - 199,999",Terasi/petis,16
"150,000 - 199,999",Kecap,39
"150,000 - 199,999",Penyedap masakan/vetsin,134
"150,000 - 199,999",Sambal jadi,0
"150,000 - 199,999",Saus tomat,0
"150,000 - 199,999","Bumbu maskan jadi/kemasan, bumbu racikan",21
"150,000 - 199,999","Bumbu dapur lainnya (pala, jahe, kunyit, dsb)",83
"150,000 - 199,999",BAHAN MAKANAN LAINNYA,381
"150,000 - 199,999",Mie instan,365
"150,000 - 199,999",Kerupuk,11
"150,000 - 199,999",Bubur bayi kemasan,0
"150,000 - 199,999",Lainnya,5
"150,000 - 199,999",MAKANAN MINUMAN JADI,4754
"150,000 - 199,999",Roti tawar,23
"150,000 - 199,999","Roti manis, roti lainnya",471
"150,000 - 199,999","Kue kering, biskuit, semprong",338
"150,000 - 199,999","Kue basah (kue lapis, bika ambon, lemper, dsb)",333
"150,000 - 199,999",Makanan gorengan,455
"150,000 - 199,999",Bubur kacang hijau,54
"150,000 - 199,999","Gado-gado, ketoprak, pecel",9
"150,000 - 199,999",Nasi campur/rames,732
"150,000 - 199,999",Nasi goreng,0
"150,000 - 199,999",Nasi putih,13
"150,000 - 199,999",Lontong/ketupat sayur,137
"150,000 - 199,999","Soto, gule, sop, rawon, cincang",6
"150,000 - 199,999","Sayur matang (ditumis, disantan, dsb)",41
"150,000 - 199,999","Sate, tongseng",0
"150,000 - 199,999","Mie bakso, mie rebus, mie goreng",179
"150,000 - 199,999",Mie instan,104
"150,000 - 199,999","Makanan ringan anak-anak, krupuk/kripik",597
"150,000 - 199,999",Bubur ayam,0
"150,000 - 199,999","Siomay, batagor",82
"150,000 - 199,999",Makanan jadi lainnya,114
"150,000 - 199,999",Air kemasan,34
"150,000 - 199,999",Air kemasan galon,65
"150,000 - 199,999","Air teh kemasan, minuman bersoda/mengandung CO2",129
"150,000 - 199,999","Sari buah kemasan, minuman kesehatan, minuman berenergi",46
"150,000 - 199,999","Minuman jadi (kopi, kopi susu, teh, susu coklat, dsb)",341
"150,000 - 199,999",Es krim,11
"150,000 - 199,999",Es lainnya,108
"150,000 - 199,999",Minuman keras,12
"150,000 - 199,999",ROKOK DAN TEMBAKAU,1253
"150,000 - 199,999",Rokok kretek filter,721
"150,000 - 199,999",Rokok kretek tanpa filter,187
"150,000 - 199,999",Rokok putih,7
"150,000 - 199,999",Tembakau,183
"150,000 - 199,999",Rokok dan tembakau lainnya,156
"200,000 - 299,999",PADI-PADIAN,12567
"200,000 - 299,999","Beras (beras lokal, kualitas unggul, impor)",11855
"200,000 - 299,999",Beras ketan,21
"200,000 - 299,999",Jagung basah degan kulit,195
"200,000 - 299,999",Jagung pipilan/beras jagung/jagung titi,337
"200,000 - 299,999",Tepung terigu,154
"200,000 - 299,999",Padi-padian lainnya,5
"200,000 - 299,999",UMBI-UMBIAN,570
"200,000 - 299,999",Ketala pohon/singkong,242
"200,000 - 299,999",Ketela rambat/ubi jalar,77
"200,000 - 299,999",Sagu (bukan dari ketela pohon),123
"200,000 - 299,999",Talas/keladi,43
"200,000 - 299,999",Kentang,55
"200,000 - 299,999",Gaplek,21
"200,000 - 299,999",Umbi-umbian lainnya,9
"200,000 - 299,999",IKAN,3066
"200,000 - 299,999",Ekor kuning,54
"200,000 - 299,999","Tongkol, tuna, cakalang, dencis, ikan kayu",495
"200,000 - 299,999",Tenggiri,15
"200,000 - 299,999",Selar,122
"200,000 - 299,999","Kembung, lema/tatare, banyar/banyara",152
"200,000 - 299,999",Teri,117
"200,000 - 299,999",Bandeng,227
"200,000 - 299,999",Gabus,57
"200,000 - 299,999",Mujair,98
"200,000 - 299,999","Mas, Nila",105
"200,000 - 299,999",Lele,118
"200,000 - 299,999",Kakap,36
"200,000 - 299,999",Baronang,35
"200,000 - 299,999",Patin,18
"200,000 - 299,999",Bawal,4
"200,000 - 299,999",Gurame,5
"200,000 - 299,999",Ikan segar/basah lainnya,445
"200,000 - 299,999","Udang, lobster",37
"200,000 - 299,999","Cumi-cumi, sotong, gurita",35
"200,000 - 299,999","Ketam, kepiting, rajungan",13
"200,000 - 299,999","Kerang, siput, bekicot, remis",5
"200,000 - 299,999",Udang dan hewan air lainnya yang segar lainnya,6
"200,000 - 299,999",Kembung diawetkan/peda,59
"200,000 - 299,999",Tenggiri diawetkan,14
"200,000 - 299,999",Tongkol/tuna/cakalang diawetkan,143
"200,000 - 299,999",Teri diawetkan,199
"200,000 - 299,999",Selar diawetkan,48
"200,000 - 299,999",Sepat diawetkan,27
"200,000 - 299,999",Bandeng diawetkan,38
"200,000 - 299,999",Gabus diawetkan,3
"200,000 - 299,999","Ikan dalam kaleng (sardencis, tuna dalam kaleng, dsb)",18
"200,000 - 299,999",Ikan diawetkan lainnya,187
"200,000 - 299,999","Udang diawetkan (ebi, rebon)",19
"200,000 - 299,999","Cumi-cumi, sotong, gurita diawetkan",1
"200,000 - 299,999",Udang dan hewan air lainnya yang diawetkan,8
"200,000 - 299,999",Ikan matang,103
"200,000 - 299,999",DAGING,1155
"200,000 - 299,999",Daging sapi,35
"200,000 - 299,999","Daging kambing, domba/biri-biri",2
"200,000 - 299,999",Daging babi,143
"200,000 - 299,999",Daging ayam ras,464
"200,000 - 299,999",Daging ayam kampung,97
"200,000 - 299,999",Daging segar lainnya,37
"200,000 - 299,999",Daging diawetkan lainnya,2
"200,000 - 299,999","Tetelan, sandung lamur",2
"200,000 - 299,999","Lainnya ( hati, jeroan, iga, kaki, buntut, kepala, dsb)",27
"200,000 - 299,999","Ayam/daging matang (ayam goreng, rendang, dsb)",100
"200,000 - 299,999","Daging olahan (sosis, nugget, daging asap, dsb) matang",246
"200,000 - 299,999",TELUR DAN SUSU,1836
"200,000 - 299,999",Telur ayam ras,1308
"200,000 - 299,999",Telur ayam kampung,64
"200,000 - 299,999",Telur itik/telur itik manila,12
"200,000 - 299,999","Telur lainnya (telur puyuh, telur asin mentah maupun matang,",6
"200,000 - 299,999",Susu cair pabrik,35
"200,000 - 299,999",Susu kental manis,159
"200,000 - 299,999",Susu bubuk,84
"200,000 - 299,999",Susu bubuk bayi,166
"200,000 - 299,999",Susu lainnya dan hasil lain dari susu,3
"200,000 - 299,999",SAYUR-SAYURAN,4022
"200,000 - 299,999",Bayam,198
"200,000 - 299,999",Kangkung,200
"200,000 - 299,999",Kol/Kubis,57
"200,000 - 299,999",Sawi putih (petsai),34
"200,000 - 299,999",Sawi hijau,58
"200,000 - 299,999",Buncis,41
"200,000 - 299,999",Kacang panjang,155
"200,000 - 299,999","Tomat sayur, tomat ceri",134
"200,000 - 299,999",Wortel,37
"200,000 - 299,999",Mentimun,54
"200,000 - 299,999",Daun ketela pohon/daun singkong,291
"200,000 - 299,999",Terong,165
"200,000 - 299,999",Tauge,36
"200,000 - 299,999","Labu, labu siam, labu parang",124
"200,000 - 299,999",Bahan sayur sop/cap cay/ kimlo (paket),112
"200,000 - 299,999",Bahan sayur asam/lodeh (paket),41
"200,000 - 299,999",Nangka muda,17
"200,000 - 299,999",Pepaya muda,97
"200,000 - 299,999",Jengkol,22
"200,000 - 299,999",Bawang merah,592
"200,000 - 299,999",Bawang putih,487
"200,000 - 299,999",Cabe merah,178
"200,000 - 299,999",Cabe hijau,31
"200,000 - 299,999",Cabe rawit,498
"200,000 - 299,999",Sayur-sayuran lainnya,364
"200,000 - 299,999",KACANG-KACANGAN,1099
"200,000 - 299,999",Kacang tanah tanpa kulit,46
"200,000 - 299,999",Kacang kedele,6
"200,000 - 299,999",Kacang lainnya,49
"200,000 - 299,999",Tahu,473
"200,000 - 299,999",Tempe,510
"200,000 - 299,999",Oncom,11
"200,000 - 299,999",Hasil lain dari kacang-kacangan,4
"200,000 - 299,999",BUAH-BUAHAN,1108
"200,000 - 299,999","Jeruk, jeruk bali",69
"200,000 - 299,999",Mangga,17
"200,000 - 299,999",Apel,24
"200,000 - 299,999",Rambutan,197
"200,000 - 299,999","Duku, langsat",169
"200,000 - 299,999",Durian,71
"200,000 - 299,999",Salak,38
"200,000 - 299,999",Pisang ambon,46
"200,000 - 299,999",Pisang lainnya,234
"200,000 - 299,999",Pepaya,77
"200,000 - 299,999",Semangka,34
"200,000 - 299,999",Tomat buah,26
"200,000 - 299,999",Buah-buahan lainnya,107
"200,000 - 299,999",MINYAK DAN KELAPA,1560
"200,000 - 299,999",Minyak kelapa,158
"200,000 - 299,999","Minyak goreng (kelapa sawit, bunga matahari)",1232
"200,000 - 299,999",Kelapa (tidak termasuk santan instan),164
"200,000 - 299,999",Minyak dan kelapa lainnya,6
"200,000 - 299,999",BAHAN MINUMAN,1971
"200,000 - 299,999",Gula pasir,1080
"200,000 - 299,999","Gula merah, gula air (pohom aren, kelapa, lontar)",97
"200,000 - 299,999",Teh bubuk,108
"200,000 - 299,999",Teh celup (sachet),104
"200,000 - 299,999","Kopi (bubuk,biji)",371
"200,000 - 299,999",Kopi instan (sachet),201
"200,000 - 299,999",Bahan minuman lainnya,9
"200,000 - 299,999",BUMBU-BUMBUAN,920
"200,000 - 299,999",Garam,160
"200,000 - 299,999",Kemiri,60
"200,000 - 299,999",Ketumbar/jinten,40
"200,000 - 299,999",Merica/lada,65
"200,000 - 299,999",Asam,62
"200,000 - 299,999",Terasi/petis,63
"200,000 - 299,999",Kecap,117
"200,000 - 299,999",Penyedap masakan/vetsin,171
"200,000 - 299,999",Sambal jadi,4
"200,000 - 299,999",Saus tomat,3
"200,000 - 299,999","Bumbu maskan jadi/kemasan, bumbu racikan",54
"200,000 - 299,999","Bumbu dapur lainnya (pala, jahe, kunyit, dsb)",120
"200,000 - 299,999",BAHAN MAKANAN LAINNYA,748
"200,000 - 299,999",Mie instan,631
"200,000 - 299,999",Kerupuk,78
"200,000 - 299,999",Bubur bayi kemasan,28
"200,000 - 299,999",Lainnya,10
"200,000 - 299,999",MAKANAN MINUMAN JADI,8491
"200,000 - 299,999",Roti tawar,37
"200,000 - 299,999","Roti manis, roti lainnya",532
"200,000 - 299,999","Kue kering, biskuit, semprong",377
"200,000 - 299,999","Kue basah (kue lapis, bika ambon, lemper, dsb)",474
"200,000 - 299,999",Makanan gorengan,937
"200,000 - 299,999",Bubur kacang hijau,69
"200,000 - 299,999","Gado-gado, ketoprak, pecel",165
"200,000 - 299,999",Nasi campur/rames,912
"200,000 - 299,999",Nasi goreng,105
"200,000 - 299,999",Nasi putih,171
"200,000 - 299,999",Lontong/ketupat sayur,83
"200,000 - 299,999","Soto, gule, sop, rawon, cincang",152
"200,000 - 299,999","Sayur matang (ditumis, disantan, dsb)",309
"200,000 - 299,999","Sate, tongseng",31
"200,000 - 299,999","Mie bakso, mie rebus, mie goreng",612
"200,000 - 299,999",Mie instan,80
"200,000 - 299,999","Makanan ringan anak-anak, krupuk/kripik",795
"200,000 - 299,999",Bubur ayam,84
"200,000 - 299,999","Siomay, batagor",258
"200,000 - 299,999",Makanan jadi lainnya,305
"200,000 - 299,999",Air kemasan,91
"200,000 - 299,999",Air kemasan galon,141
"200,000 - 299,999","Air teh kemasan, minuman bersoda/mengandung CO2",162
"200,000 - 299,999","Sari buah kemasan, minuman kesehatan, minuman berenergi",125
"200,000 - 299,999","Minuman jadi (kopi, kopi susu, teh, susu coklat, dsb)",655
"200,000 - 299,999",Es krim,111
"200,000 - 299,999",Es lainnya,239
"200,000 - 299,999",Minuman keras,31
"200,000 - 299,999",ROKOK DAN TEMBAKAU,3273
"200,000 - 299,999",Rokok kretek filter,2110
"200,000 - 299,999",Rokok kretek tanpa filter,599
"200,000 - 299,999",Rokok putih,95
"200,000 - 299,999",Tembakau,282
"200,000 - 299,999",Rokok dan tembakau lainnya,188
"300,000 - 499,999",PADI-PADIAN,13750
"300,000 - 499,999","Beras (beras lokal, kualitas unggul, impor)",13138
"300,000 - 499,999",Beras ketan,35
"300,000 - 499,999",Jagung basah degan kulit,161
"300,000 - 499,999",Jagung pipilan/beras jagung/jagung titi,161
"300,000 - 499,999",Tepung terigu,245
"300,000 - 499,999",Padi-padian lainnya,10
"300,000 - 499,999",UMBI-UMBIAN,760
"300,000 - 499,999",Ketala pohon/singkong,275
"300,000 - 499,999",Ketela rambat/ubi jalar,207
"300,000 - 499,999",Sagu (bukan dari ketela pohon),61
"300,000 - 499,999",Talas/keladi,48
"300,000 - 499,999",Kentang,149
"300,000 - 499,999",Gaplek,11
"300,000 - 499,999",Umbi-umbian lainnya,9
"300,000 - 499,999",IKAN,4373
"300,000 - 499,999",Ekor kuning,75
"300,000 - 499,999","Tongkol, tuna, cakalang, dencis, ikan kayu",595
"300,000 - 499,999",Tenggiri,18
"300,000 - 499,999",Selar,117
"300,000 - 499,999","Kembung, lema/tatare, banyar/banyara",249
"300,000 - 499,999",Teri,106
"300,000 - 499,999",Bandeng,268
"300,000 - 499,999",Gabus,75
"300,000 - 499,999",Mujair,228
"300,000 - 499,999","Mas, Nila",236
"300,000 - 499,999",Lele,285
"300,000 - 499,999",Kakap,45
"300,000 - 499,999",Baronang,25
"300,000 - 499,999",Patin,80
"300,000 - 499,999",Bawal,35
"300,000 - 499,999",Gurame,12
"300,000 - 499,999",Ikan segar/basah lainnya,478
"300,000 - 499,999","Udang, lobster",81
"300,000 - 499,999","Cumi-cumi, sotong, gurita",42
"300,000 - 499,999","Ketam, kepiting, rajungan",11
"300,000 - 499,999","Kerang, siput, bekicot, remis",14
"300,000 - 499,999",Udang dan hewan air lainnya yang segar lainnya,16
"300,000 - 499,999",Kembung diawetkan/peda,92
"300,000 - 499,999",Tenggiri diawetkan,12
"300,000 - 499,999",Tongkol/tuna/cakalang diawetkan,237
"300,000 - 499,999",Teri diawetkan,265
"300,000 - 499,999",Selar diawetkan,57
"300,000 - 499,999",Sepat diawetkan,48
"300,000 - 499,999",Bandeng diawetkan,68
"300,000 - 499,999",Gabus diawetkan,11
"300,000 - 499,999","Ikan dalam kaleng (sardencis, tuna dalam kaleng, dsb)",22
"300,000 - 499,999",Ikan diawetkan lainnya,227
"300,000 - 499,999","Udang diawetkan (ebi, rebon)",24
"300,000 - 499,999","Cumi-cumi, sotong, gurita diawetkan",6
"300,000 - 499,999",Udang dan hewan air lainnya yang diawetkan,21
"300,000 - 499,999",Ikan matang,192
"300,000 - 499,999",DAGING,2610
"300,000 - 499,999",Daging sapi,85
"300,000 - 499,999","Daging kambing, domba/biri-biri",8
"300,000 - 499,999",Daging babi,155
"300,000 - 499,999",Daging ayam ras,1232
"300,000 - 499,999",Daging ayam kampung,221
"300,000 - 499,999",Daging segar lainnya,36
"300,000 - 499,999",Daging diawetkan lainnya,12
"300,000 - 499,999","Tetelan, sandung lamur",9
"300,000 - 499,999","Lainnya ( hati, jeroan, iga, kaki, buntut, kepala, dsb)",58
"300,000 - 499,999","Ayam/daging matang (ayam goreng, rendang, dsb)",326
"300,000 - 499,999","Daging olahan (sosis, nugget, daging asap, dsb) matang",468
"300,000 - 499,999",TELUR DAN SUSU,2978
"300,000 - 499,999",Telur ayam ras,1912
"300,000 - 499,999",Telur ayam kampung,72
"300,000 - 499,999",Telur itik/telur itik manila,23
"300,000 - 499,999","Telur lainnya (telur puyuh, telur asin mentah maupun matang,",18
"300,000 - 499,999",Susu cair pabrik,68
"300,000 - 499,999",Susu kental manis,332
"300,000 - 499,999",Susu bubuk,227
"300,000 - 499,999",Susu bubuk bayi,302
"300,000 - 499,999",Susu lainnya dan hasil lain dari susu,25
"300,000 - 499,999",SAYUR-SAYURAN,5532
"300,000 - 499,999",Bayam,250
"300,000 - 499,999",Kangkung,269
"300,000 - 499,999",Kol/Kubis,90
"300,000 - 499,999",Sawi putih (petsai),60
"300,000 - 499,999",Sawi hijau,80
"300,000 - 499,999",Buncis,66
"300,000 - 499,999",Kacang panjang,210
"300,000 - 499,999","Tomat sayur, tomat ceri",193
"300,000 - 499,999",Wortel,82
"300,000 - 499,999",Mentimun,102
"300,000 - 499,999",Daun ketela pohon/daun singkong,257
"300,000 - 499,999",Terong,199
"300,000 - 499,999",Tauge,68
"300,000 - 499,999","Labu, labu siam, labu parang",129
"300,000 - 499,999",Bahan sayur sop/cap cay/ kimlo (paket),237
"300,000 - 499,999",Bahan sayur asam/lodeh (paket),107
"300,000 - 499,999",Nangka muda,29
"300,000 - 499,999",Pepaya muda,79
"300,000 - 499,999",Jengkol,84
"300,000 - 499,999",Bawang merah,839
"300,000 - 499,999",Bawang putih,681
"300,000 - 499,999",Cabe merah,397
"300,000 - 499,999",Cabe hijau,63
"300,000 - 499,999",Cabe rawit,673
"300,000 - 499,999",Sayur-sayuran lainnya,289
"300,000 - 499,999",KACANG-KACANGAN,1687
"300,000 - 499,999",Kacang tanah tanpa kulit,68
"300,000 - 499,999",Kacang kedele,6
"300,000 - 499,999",Kacang lainnya,49
"300,000 - 499,999",Tahu,756
"300,000 - 499,999",Tempe,789
"300,000 - 499,999",Oncom,16
"300,000 - 499,999",Hasil lain dari kacang-kacangan,4
"300,000 - 499,999",BUAH-BUAHAN,1832
"300,000 - 499,999","Jeruk, jeruk bali",197
"300,000 - 499,999",Mangga,26
"300,000 - 499,999",Apel,76
"300,000 - 499,999",Rambutan,248
"300,000 - 499,999","Duku, langsat",237
"300,000 - 499,999",Durian,136
"300,000 - 499,999",Salak,95
"300,000 - 499,999",Pisang ambon,87
"300,000 - 499,999",Pisang lainnya,324
"300,000 - 499,999",Pepaya,125
"300,000 - 499,999",Semangka,57
"300,000 - 499,999",Tomat buah,44
"300,000 - 499,999",Buah-buahan lainnya,181
"300,000 - 499,999",MINYAK DAN KELAPA,2090
"300,000 - 499,999",Minyak kelapa,145
"300,000 - 499,999","Minyak goreng (kelapa sawit, bunga matahari)",1710
"300,000 - 499,999",Kelapa (tidak termasuk santan instan),222
"300,000 - 499,999",Minyak dan kelapa lainnya,13
"300,000 - 499,999",BAHAN MINUMAN,2620
"300,000 - 499,999",Gula pasir,1286
"300,000 - 499,999","Gula merah, gula air (pohom aren, kelapa, lontar)",143
"300,000 - 499,999",Teh bubuk,122
"300,000 - 499,999",Teh celup (sachet),156
"300,000 - 499,999","Kopi (bubuk,biji)",421
"300,000 - 499,999",Kopi instan (sachet),477
"300,000 - 499,999",Bahan minuman lainnya,15
"300,000 - 499,999",BUMBU-BUMBUAN,1416
"300,000 - 499,999",Garam,189
"300,000 - 499,999",Kemiri,100
"300,000 - 499,999",Ketumbar/jinten,67
"300,000 - 499,999",Merica/lada,112
"300,000 - 499,999",Asam,77
"300,000 - 499,999",Terasi/petis,104
"300,000 - 499,999",Kecap,227
"300,000 - 499,999",Penyedap masakan/vetsin,223
"300,000 - 499,999",Sambal jadi,9
"300,000 - 499,999",Saus tomat,9
"300,000 - 499,999","Bumbu maskan jadi/kemasan, bumbu racikan",101
"300,000 - 499,999","Bumbu dapur lainnya (pala, jahe, kunyit, dsb)",198
"300,000 - 499,999",BAHAN MAKANAN LAINNYA,1203
"300,000 - 499,999",Mie instan,997
"300,000 - 499,999",Kerupuk,151
"300,000 - 499,999",Bubur bayi kemasan,43
"300,000 - 499,999",Lainnya,13
"300,000 - 499,999",MAKANAN MINUMAN JADI,15978
"300,000 - 499,999",Roti tawar,69
"300,000 - 499,999","Roti manis, roti lainnya",813
"300,000 - 499,999","Kue kering, biskuit, semprong",568
"300,000 - 499,999","Kue basah (kue lapis, bika ambon, lemper, dsb)",760
"300,000 - 499,999",Makanan gorengan,1566
"300,000 - 499,999",Bubur kacang hijau,188
"300,000 - 499,999","Gado-gado, ketoprak, pecel",385
"300,000 - 499,999",Nasi campur/rames,1667
"300,000 - 499,999",Nasi goreng,310
"300,000 - 499,999",Nasi putih,302
"300,000 - 499,999",Lontong/ketupat sayur,281
"300,000 - 499,999","Soto, gule, sop, rawon, cincang",354
"300,000 - 499,999","Sayur matang (ditumis, disantan, dsb)",505
"300,000 - 499,999","Sate, tongseng",109
"300,000 - 499,999","Mie bakso, mie rebus, mie goreng",1528
"300,000 - 499,999",Mie instan,159
"300,000 - 499,999","Makanan ringan anak-anak, krupuk/kripik",1187
"300,000 - 499,999",Bubur ayam,283
"300,000 - 499,999","Siomay, batagor",516
"300,000 - 499,999",Makanan jadi lainnya,587
"300,000 - 499,999",Air kemasan,161
"300,000 - 499,999",Air kemasan galon,333
"300,000 - 499,999","Air teh kemasan, minuman bersoda/mengandung CO2",239
"300,000 - 499,999","Sari buah kemasan, minuman kesehatan, minuman berenergi",214
"300,000 - 499,999","Minuman jadi (kopi, kopi susu, teh, susu coklat, dsb)",1141
"300,000 - 499,999",Es krim,256
"300,000 - 499,999",Es lainnya,484
"300,000 - 499,999",Minuman keras,29
"300,000 - 499,999",ROKOK DAN TEMBAKAU,6473
"300,000 - 499,999",Rokok kretek filter,4445
"300,000 - 499,999",Rokok kretek tanpa filter,1485
"300,000 - 499,999",Rokok putih,190
"300,000 - 499,999",Tembakau,225
"300,000 - 499,999",Rokok dan tembakau lainnya,127
"500,000 - 749,999",PADI-PADIAN,14870
"500,000 - 749,999","Beras (beras lokal, kualitas unggul, impor)",14192
"500,000 - 749,999",Beras ketan,54
"500,000 - 749,999",Jagung basah degan kulit,200
"500,000 - 749,999",Jagung pipilan/beras jagung/jagung titi,102
"500,000 - 749,999",Tepung terigu,313
"500,000 - 749,999",Padi-padian lainnya,10
"500,000 - 749,999",UMBI-UMBIAN,945
"500,000 - 749,999",Ketala pohon/singkong,310
"500,000 - 749,999",Ketela rambat/ubi jalar,219
"500,000 - 749,999",Sagu (bukan dari ketela pohon),47
"500,000 - 749,999",Talas/keladi,50
"500,000 - 749,999",Kentang,299
"500,000 - 749,999",Gaplek,10
"500,000 - 749,999",Umbi-umbian lainnya,12
"500,000 - 749,999",IKAN,6892
"500,000 - 749,999",Ekor kuning,121
"500,000 - 749,999","Tongkol, tuna, cakalang, dencis, ikan kayu",926
"500,000 - 749,999",Tenggiri,33
"500,000 - 749,999",Selar,163
"500,000 - 749,999","Kembung, lema/tatare, banyar/banyara",461
"500,000 - 749,999",Teri,134
"500,000 - 749,999",Bandeng,374
"500,000 - 749,999",Gabus,128
"500,000 - 749,999",Mujair,342
"500,000 - 749,999","Mas, Nila",501
"500,000 - 749,999",Lele,475
"500,000 - 749,999",Kakap,61
"500,000 - 749,999",Baronang,27
"500,000 - 749,999",Patin,168
"500,000 - 749,999",Bawal,68
"500,000 - 749,999",Gurame,25
"500,000 - 749,999",Ikan segar/basah lainnya,668
"500,000 - 749,999","Udang, lobster",189
"500,000 - 749,999","Cumi-cumi, sotong, gurita",96
"500,000 - 749,999","Ketam, kepiting, rajungan",19
"500,000 - 749,999","Kerang, siput, bekicot, remis",25
"500,000 - 749,999",Udang dan hewan air lainnya yang segar lainnya,25
"500,000 - 749,999",Kembung diawetkan/peda,122
"500,000 - 749,999",Tenggiri diawetkan,17
"500,000 - 749,999",Tongkol/tuna/cakalang diawetkan,285
"500,000 - 749,999",Teri diawetkan,416
"500,000 - 749,999",Selar diawetkan,69
"500,000 - 749,999",Sepat diawetkan,73
"500,000 - 749,999",Bandeng diawetkan,89
"500,000 - 749,999",Gabus diawetkan,18
"500,000 - 749,999","Ikan dalam kaleng (sardencis, tuna dalam kaleng, dsb)",41
"500,000 - 749,999",Ikan diawetkan lainnya,294
"500,000 - 749,999","Udang diawetkan (ebi, rebon)",40
"500,000 - 749,999","Cumi-cumi, sotong, gurita diawetkan",22
"500,000 - 749,999",Udang dan hewan air lainnya yang diawetkan,22
"500,000 - 749,999",Ikan matang,355
"500,000 - 749,999",DAGING,4356
"500,000 - 749,999",Daging sapi,181
"500,000 - 749,999","Daging kambing, domba/biri-biri",18
"500,000 - 749,999",Daging babi,190
"500,000 - 749,999",Daging ayam ras,2091
"500,000 - 749,999",Daging ayam kampung,375
"500,000 - 749,999",Daging segar lainnya,41
"500,000 - 749,999",Daging diawetkan lainnya,17
"500,000 - 749,999","Tetelan, sandung lamur",19
"500,000 - 749,999","Lainnya ( hati, jeroan, iga, kaki, buntut, kepala, dsb)",122
"500,000 - 749,999","Ayam/daging matang (ayam goreng, rendang, dsb)",639
"500,000 - 749,999","Daging olahan (sosis, nugget, daging asap, dsb) matang",663
"500,000 - 749,999",TELUR DAN SUSU,4455
"500,000 - 749,999",Telur ayam ras,2503
"500,000 - 749,999",Telur ayam kampung,95
"500,000 - 749,999",Telur itik/telur itik manila,46
"500,000 - 749,999","Telur lainnya (telur puyuh, telur asin mentah maupun matang,",41
"500,000 - 749,999",Susu cair pabrik,148
"500,000 - 749,999",Susu kental manis,516
"500,000 - 749,999",Susu bubuk,437
"500,000 - 749,999",Susu bubuk bayi,625
"500,000 - 749,999",Susu lainnya dan hasil lain dari susu,44
"500,000 - 749,999",SAYUR-SAYURAN,7858
"500,000 - 749,999",Bayam,346
"500,000 - 749,999",Kangkung,381
"500,000 - 749,999",Kol/Kubis,131
"500,000 - 749,999",Sawi putih (petsai),93
"500,000 - 749,999",Sawi hijau,134
"500,000 - 749,999",Buncis,99
"500,000 - 749,999",Kacang panjang,291
"500,000 - 749,999","Tomat sayur, tomat ceri",291
"500,000 - 749,999",Wortel,138
"500,000 - 749,999",Mentimun,166
"500,000 - 749,999",Daun ketela pohon/daun singkong,282
"500,000 - 749,999",Terong,277
"500,000 - 749,999",Tauge,113
"500,000 - 749,999","Labu, labu siam, labu parang",150
"500,000 - 749,999",Bahan sayur sop/cap cay/ kimlo (paket),334
"500,000 - 749,999",Bahan sayur asam/lodeh (paket),165
"500,000 - 749,999",Nangka muda,43
"500,000 - 749,999",Pepaya muda,82
"500,000 - 749,999",Jengkol,161
"500,000 - 749,999",Bawang merah,1159
"500,000 - 749,999",Bawang putih,909
"500,000 - 749,999",Cabe merah,785
"500,000 - 749,999",Cabe hijau,104
"500,000 - 749,999",Cabe rawit,893
"500,000 - 749,999",Sayur-sayuran lainnya,330
"500,000 - 749,999",KACANG-KACANGAN,2173
"500,000 - 749,999",Kacang tanah tanpa kulit,85
"500,000 - 749,999",Kacang kedele,9
"500,000 - 749,999",Kacang lainnya,59
"500,000 - 749,999",Tahu,977
"500,000 - 749,999",Tempe,1014
"500,000 - 749,999",Oncom,25
"500,000 - 749,999",Hasil lain dari kacang-kacangan,4
"500,000 - 749,999",BUAH-BUAHAN,3219
"500,000 - 749,999","Jeruk, jeruk bali",410
"500,000 - 749,999",Mangga,58
"500,000 - 749,999",Apel,147
"500,000 - 749,999",Rambutan,367
"500,000 - 749,999","Duku, langsat",453
"500,000 - 749,999",Durian,286
"500,000 - 749,999",Salak,168
"500,000 - 749,999",Pisang ambon,150
"500,000 - 749,999",Pisang lainnya,479
"500,000 - 749,999",Pepaya,204
"500,000 - 749,999",Semangka,105
"500,000 - 749,999",Tomat buah,75
"500,000 - 749,999",Buah-buahan lainnya,318
"500,000 - 749,999",MINYAK DAN KELAPA,2687
"500,000 - 749,999",Minyak kelapa,165
"500,000 - 749,999","Minyak goreng (kelapa sawit, bunga matahari)",2162
"500,000 - 749,999",Kelapa (tidak termasuk santan instan),341
"500,000 - 749,999",Minyak dan kelapa lainnya,20
"500,000 - 749,999",BAHAN MINUMAN,3399
"500,000 - 749,999",Gula pasir,1602
"500,000 - 749,999","Gula merah, gula air (pohom aren, kelapa, lontar)",162
"500,000 - 749,999",Teh bubuk,135
"500,000 - 749,999",Teh celup (sachet),252
"500,000 - 749,999","Kopi (bubuk,biji)",529
"500,000 - 749,999",Kopi instan (sachet),695
"500,000 - 749,999",Bahan minuman lainnya,23
"500,000 - 749,999",BUMBU-BUMBUAN,2045
"500,000 - 749,999",Garam,246
"500,000 - 749,999",Kemiri,141
"500,000 - 749,999",Ketumbar/jinten,94
"500,000 - 749,999",Merica/lada,155
"500,000 - 749,999",Asam,110
"500,000 - 749,999",Terasi/petis,148
"500,000 - 749,999",Kecap,341
"500,000 - 749,999",Penyedap masakan/vetsin,298
"500,000 - 749,999",Sambal jadi,17
"500,000 - 749,999",Saus tomat,22
"500,000 - 749,999","Bumbu maskan jadi/kemasan, bumbu racikan",159
"500,000 - 749,999","Bumbu dapur lainnya (pala, jahe, kunyit, dsb)",313
"500,000 - 749,999",BAHAN MAKANAN LAINNYA,1752
"500,000 - 749,999",Mie instan,1443
"500,000 - 749,999",Kerupuk,231
"500,000 - 749,999",Bubur bayi kemasan,62
"500,000 - 749,999",Lainnya,16
"500,000 - 749,999",MAKANAN MINUMAN JADI,25853
"500,000 - 749,999",Roti tawar,134
"500,000 - 749,999","Roti manis, roti lainnya",1171
"500,000 - 749,999","Kue kering, biskuit, semprong",835
"500,000 - 749,999","Kue basah (kue lapis, bika ambon, lemper, dsb)",1167
"500,000 - 749,999",Makanan gorengan,2155
"500,000 - 749,999",Bubur kacang hijau,296
"500,000 - 749,999","Gado-gado, ketoprak, pecel",654
"500,000 - 749,999",Nasi campur/rames,2976
"500,000 - 749,999",Nasi goreng,692
"500,000 - 749,999",Nasi putih,477
"500,000 - 749,999",Lontong/ketupat sayur,631
"500,000 - 749,999","Soto, gule, sop, rawon, cincang",612
"500,000 - 749,999","Sayur matang (ditumis, disantan, dsb)",719
"500,000 - 749,999","Sate, tongseng",273
"500,000 - 749,999","Mie bakso, mie rebus, mie goreng",2621
"500,000 - 749,999",Mie instan,265
"500,000 - 749,999","Makanan ringan anak-anak, krupuk/kripik",1747
"500,000 - 749,999",Bubur ayam,513
"500,000 - 749,999","Siomay, batagor",770
"500,000 - 749,999",Makanan jadi lainnya,870
"500,000 - 749,999",Air kemasan,312
"500,000 - 749,999",Air kemasan galon,602
"500,000 - 749,999","Air teh kemasan, minuman bersoda/mengandung CO2",327
"500,000 - 749,999","Sari buah kemasan, minuman kesehatan, minuman berenergi",308
"500,000 - 749,999","Minuman jadi (kopi, kopi susu, teh, susu coklat, dsb)",1799
"500,000 - 749,999",Es krim,439
"500,000 - 749,999",Es lainnya,780
"500,000 - 749,999",Minuman keras,53
"500,000 - 749,999",ROKOK DAN TEMBAKAU,11321
"500,000 - 749,999",Rokok kretek filter,8399
"500,000 - 749,999",Rokok kretek tanpa filter,2123
"500,000 - 749,999",Rokok putih,493
"500,000 - 749,999",Tembakau,194
"500,000 - 749,999",Rokok dan tembakau lainnya,111
"750,000 - 999,999",PADI-PADIAN,15371
"750,000 - 999,999","Beras (beras lokal, kualitas unggul, impor)",14603
"750,000 - 999,999",Beras ketan,56
"750,000 - 999,999",Jagung basah degan kulit,250
"750,000 - 999,999",Jagung pipilan/beras jagung/jagung titi,84
"750,000 - 999,999",Tepung terigu,364
"750,000 - 999,999",Padi-padian lainnya,14
"750,000 - 999,999",UMBI-UMBIAN,1232
"750,000 - 999,999",Ketala pohon/singkong,357
"750,000 - 999,999",Ketela rambat/ubi jalar,286
"750,000 - 999,999",Sagu (bukan dari ketela pohon),44
"750,000 - 999,999",Talas/keladi,54
"750,000 - 999,999",Kentang,468
"750,000 - 999,999",Gaplek,11
"750,000 - 999,999",Umbi-umbian lainnya,11
"750,000 - 999,999",IKAN,9887
"750,000 - 999,999",Ekor kuning,152
"750,000 - 999,999","Tongkol, tuna, cakalang, dencis, ikan kayu",1234
"750,000 - 999,999",Tenggiri,58
"750,000 - 999,999",Selar,240
"750,000 - 999,999","Kembung, lema/tatare, banyar/banyara",745
"750,000 - 999,999",Teri,160
"750,000 - 999,999",Bandeng,530
"750,000 - 999,999",Gabus,228
"750,000 - 999,999",Mujair,471
"750,000 - 999,999","Mas, Nila",775
"750,000 - 999,999",Lele,653
"750,000 - 999,999",Kakap,82
"750,000 - 999,999",Baronang,39
"750,000 - 999,999",Patin,256
"750,000 - 999,999",Bawal,128
"750,000 - 999,999",Gurame,65
"750,000 - 999,999",Ikan segar/basah lainnya,928
"750,000 - 999,999","Udang, lobster",391
"750,000 - 999,999","Cumi-cumi, sotong, gurita",190
"750,000 - 999,999","Ketam, kepiting, rajungan",35
"750,000 - 999,999","Kerang, siput, bekicot, remis",49
"750,000 - 999,999",Udang dan hewan air lainnya yang segar lainnya,40
"750,000 - 999,999",Kembung diawetkan/peda,139
"750,000 - 999,999",Tenggiri diawetkan,24
"750,000 - 999,999",Tongkol/tuna/cakalang diawetkan,306
"750,000 - 999,999",Teri diawetkan,578
"750,000 - 999,999",Selar diawetkan,78
"750,000 - 999,999",Sepat diawetkan,96
"750,000 - 999,999",Bandeng diawetkan,101
"750,000 - 999,999",Gabus diawetkan,27
"750,000 - 999,999","Ikan dalam kaleng (sardencis, tuna dalam kaleng, dsb)",64
"750,000 - 999,999",Ikan diawetkan lainnya,327
"750,000 - 999,999","Udang diawetkan (ebi, rebon)",56
"750,000 - 999,999","Cumi-cumi, sotong, gurita diawetkan",43
"750,000 - 999,999",Udang dan hewan air lainnya yang diawetkan,23
"750,000 - 999,999",Ikan matang,576
"750,000 - 999,999",DAGING,6381
"750,000 - 999,999",Daging sapi,351
"750,000 - 999,999","Daging kambing, domba/biri-biri",19
"750,000 - 999,999",Daging babi,258
"750,000 - 999,999",Daging ayam ras,3061
"750,000 - 999,999",Daging ayam kampung,525
"750,000 - 999,999",Daging segar lainnya,66
"750,000 - 999,999",Daging diawetkan lainnya,31
"750,000 - 999,999","Tetelan, sandung lamur",37
"750,000 - 999,999","Lainnya ( hati, jeroan, iga, kaki, buntut, kepala, dsb)",178
"750,000 - 999,999","Ayam/daging matang (ayam goreng, rendang, dsb)",1044
"750,000 - 999,999","Daging olahan (sosis, nugget, daging asap, dsb) matang",811
"750,000 - 999,999",TELUR DAN SUSU,6228
"750,000 - 999,999",Telur ayam ras,3045
"750,000 - 999,999",Telur ayam kampung,120
"750,000 - 999,999",Telur itik/telur itik manila,61
"750,000 - 999,999","Telur lainnya (telur puyuh, telur asin mentah maupun matang,",72
"750,000 - 999,999",Susu cair pabrik,270
"750,000 - 999,999",Susu kental manis,674
"750,000 - 999,999",Susu bubuk,869
"750,000 - 999,999",Susu bubuk bayi,1047
"750,000 - 999,999",Susu lainnya dan hasil lain dari susu,70
"750,000 - 999,999",SAYUR-SAYURAN,9845
"750,000 - 999,999",Bayam,435
"750,000 - 999,999",Kangkung,471
"750,000 - 999,999",Kol/Kubis,165
"750,000 - 999,999",Sawi putih (petsai),133
"750,000 - 999,999",Sawi hijau,187
"750,000 - 999,999",Buncis,131
"750,000 - 999,999",Kacang panjang,331
"750,000 - 999,999","Tomat sayur, tomat ceri",354
"750,000 - 999,999",Wortel,203
"750,000 - 999,999",Mentimun,224
"750,000 - 999,999",Daun ketela pohon/daun singkong,293
"750,000 - 999,999",Terong,336
"750,000 - 999,999",Tauge,150
"750,000 - 999,999","Labu, labu siam, labu parang",182
"750,000 - 999,999",Bahan sayur sop/cap cay/ kimlo (paket),407
"750,000 - 999,999",Bahan sayur asam/lodeh (paket),226
"750,000 - 999,999",Nangka muda,52
"750,000 - 999,999",Pepaya muda,84
"750,000 - 999,999",Jengkol,241
"750,000 - 999,999",Bawang merah,1438
"750,000 - 999,999",Bawang putih,1118
"750,000 - 999,999",Cabe merah,1108
"750,000 - 999,999",Cabe hijau,149
"750,000 - 999,999",Cabe rawit,1050
"750,000 - 999,999",Sayur-sayuran lainnya,379
"750,000 - 999,999",KACANG-KACANGAN,2536
"750,000 - 999,999",Kacang tanah tanpa kulit,101
"750,000 - 999,999",Kacang kedele,10
"750,000 - 999,999",Kacang lainnya,75
"750,000 - 999,999",Tahu,1144
"750,000 - 999,999",Tempe,1172
"750,000 - 999,999",Oncom,30
"750,000 - 999,999",Hasil lain dari kacang-kacangan,5
"750,000 - 999,999",BUAH-BUAHAN,5024
"750,000 - 999,999","Jeruk, jeruk bali",678
"750,000 - 999,999",Mangga,110
"750,000 - 999,999",Apel,251
"750,000 - 999,999",Rambutan,519
"750,000 - 999,999","Duku, langsat",750
"750,000 - 999,999",Durian,507
"750,000 - 999,999",Salak,226
"750,000 - 999,999",Pisang ambon,230
"750,000 - 999,999",Pisang lainnya,636
"750,000 - 999,999",Pepaya,293
"750,000 - 999,999",Semangka,183
"750,000 - 999,999",Tomat buah,114
"750,000 - 999,999",Buah-buahan lainnya,526
"750,000 - 999,999",MINYAK DAN KELAPA,3185
"750,000 - 999,999",Minyak kelapa,172
"750,000 - 999,999","Minyak goreng (kelapa sawit, bunga matahari)",2574
"750,000 - 999,999",Kelapa (tidak termasuk santan instan),405
"750,000 - 999,999",Minyak dan kelapa lainnya,34
"750,000 - 999,999",BAHAN MINUMAN,4012
"750,000 - 999,999",Gula pasir,1835
"750,000 - 999,999","Gula merah, gula air (pohom aren, kelapa, lontar)",179
"750,000 - 999,999",Teh bubuk,138
"750,000 - 999,999",Teh celup (sachet),339
"750,000 - 999,999","Kopi (bubuk,biji)",597
"750,000 - 999,999",Kopi instan (sachet),884
"750,000 - 999,999",Bahan minuman lainnya,41
"750,000 - 999,999",BUMBU-BUMBUAN,2529
"750,000 - 999,999",Garam,270
"750,000 - 999,999",Kemiri,172
"750,000 - 999,999",Ketumbar/jinten,113
"750,000 - 999,999",Merica/lada,181
"750,000 - 999,999",Asam,140
"750,000 - 999,999",Terasi/petis,171
"750,000 - 999,999",Kecap,447
"750,000 - 999,999",Penyedap masakan/vetsin,345
"750,000 - 999,999",Sambal jadi,32
"750,000 - 999,999",Saus tomat,37
"750,000 - 999,999","Bumbu maskan jadi/kemasan, bumbu racikan",216
"750,000 - 999,999","Bumbu dapur lainnya (pala, jahe, kunyit, dsb)",407
"750,000 - 999,999",BAHAN MAKANAN LAINNYA,2210
"750,000 - 999,999",Mie instan,1802
"750,000 - 999,999",Kerupuk,300
"750,000 - 999,999",Bubur bayi kemasan,88
"750,000 - 999,999",Lainnya,21
"750,000 - 999,999",MAKANAN MINUMAN JADI,36854
"750,000 - 999,999",Roti tawar,231
"750,000 - 999,999","Roti manis, roti lainnya",1417
"750,000 - 999,999","Kue kering, biskuit, semprong",1087
"750,000 - 999,999","Kue basah (kue lapis, bika ambon, lemper, dsb)",1474
"750,000 - 999,999",Makanan gorengan,2628
"750,000 - 999,999",Bubur kacang hijau,427
"750,000 - 999,999","Gado-gado, ketoprak, pecel",986
"750,000 - 999,999",Nasi campur/rames,4803
"750,000 - 999,999",Nasi goreng,1285
"750,000 - 999,999",Nasi putih,692
"750,000 - 999,999",Lontong/ketupat sayur,1049
"750,000 - 999,999","Soto, gule, sop, rawon, cincang",951
"750,000 - 999,999","Sayur matang (ditumis, disantan, dsb)",951
"750,000 - 999,999","Sate, tongseng",517
"750,000 - 999,999","Mie bakso, mie rebus, mie goreng",3807
"750,000 - 999,999",Mie instan,373
"750,000 - 999,999","Makanan ringan anak-anak, krupuk/kripik",2168
"750,000 - 999,999",Bubur ayam,780
"750,000 - 999,999","Siomay, batagor",1029
"750,000 - 999,999",Makanan jadi lainnya,1099
"750,000 - 999,999",Air kemasan,576
"750,000 - 999,999",Air kemasan galon,995
"750,000 - 999,999","Air teh kemasan, minuman bersoda/mengandung CO2",442
"750,000 - 999,999","Sari buah kemasan, minuman kesehatan, minuman berenergi",399
"750,000 - 999,999","Minuman jadi (kopi, kopi susu, teh, susu coklat, dsb)",2470
"750,000 - 999,999",Es krim,646
"750,000 - 999,999",Es lainnya,1067
"750,000 - 999,999",Minuman keras,75
"750,000 - 999,999",ROKOK DAN TEMBAKAU,16285
"750,000 - 999,999",Rokok kretek filter,12764
"750,000 - 999,999",Rokok kretek tanpa filter,2410
"750,000 - 999,999",Rokok putih,853
"750,000 - 999,999",Tembakau,137
"750,000 - 999,999",Rokok dan tembakau lainnya,120
"1,000,000 - 1,499,999",PADI-PADIAN,16448
"1,000,000 - 1,499,999","Beras (beras lokal, kualitas unggul, impor)",15472
"1,000,000 - 1,499,999",Beras ketan,87
"1,000,000 - 1,499,999",Jagung basah degan kulit,333
"1,000,000 - 1,499,999",Jagung pipilan/beras jagung/jagung titi,78
"1,000,000 - 1,499,999",Tepung terigu,461
"1,000,000 - 1,499,999",Padi-padian lainnya,17
"1,000,000 - 1,499,999",UMBI-UMBIAN,1679
"1,000,000 - 1,499,999",Ketala pohon/singkong,425
"1,000,000 - 1,499,999",Ketela rambat/ubi jalar,467
"1,000,000 - 1,499,999",Sagu (bukan dari ketela pohon),51
"1,000,000 - 1,499,999",Talas/keladi,69
"1,000,000 - 1,499,999",Kentang,643
"1,000,000 - 1,499,999",Gaplek,10
"1,000,000 - 1,499,999",Umbi-umbian lainnya,14
"1,000,000 - 1,499,999",IKAN,13388
"1,000,000 - 1,499,999",Ekor kuning,214
"1,000,000 - 1,499,999","Tongkol, tuna, cakalang, dencis, ikan kayu",1500
"1,000,000 - 1,499,999",Tenggiri,97
"1,000,000 - 1,499,999",Selar,298
"1,000,000 - 1,499,999","Kembung, lema/tatare, banyar/banyara",1017
"1,000,000 - 1,499,999",Teri,191
"1,000,000 - 1,499,999",Bandeng,746
"1,000,000 - 1,499,999",Gabus,275
"1,000,000 - 1,499,999",Mujair,655
"1,000,000 - 1,499,999","Mas, Nila",1188
"1,000,000 - 1,499,999",Lele,870
"1,000,000 - 1,499,999",Kakap,138
"1,000,000 - 1,499,999",Baronang,54
"1,000,000 - 1,499,999",Patin,338
"1,000,000 - 1,499,999",Bawal,201
"1,000,000 - 1,499,999",Gurame,88
"1,000,000 - 1,499,999",Ikan segar/basah lainnya,1061
"1,000,000 - 1,499,999","Udang, lobster",745
"1,000,000 - 1,499,999","Cumi-cumi, sotong, gurita",367
"1,000,000 - 1,499,999","Ketam, kepiting, rajungan",69
"1,000,000 - 1,499,999","Kerang, siput, bekicot, remis",78
"1,000,000 - 1,499,999",Udang dan hewan air lainnya yang segar lainnya,73
"1,000,000 - 1,499,999",Kembung diawetkan/peda,156
"1,000,000 - 1,499,999",Tenggiri diawetkan,28
"1,000,000 - 1,499,999",Tongkol/tuna/cakalang diawetkan,342
"1,000,000 - 1,499,999",Teri diawetkan,667
"1,000,000 - 1,499,999",Selar diawetkan,81
"1,000,000 - 1,499,999",Sepat diawetkan,108
"1,000,000 - 1,499,999",Bandeng diawetkan,120
"1,000,000 - 1,499,999",Gabus diawetkan,47
"1,000,000 - 1,499,999","Ikan dalam kaleng (sardencis, tuna dalam kaleng, dsb)",91
"1,000,000 - 1,499,999",Ikan diawetkan lainnya,356
"1,000,000 - 1,499,999","Udang diawetkan (ebi, rebon)",63
"1,000,000 - 1,499,999","Cumi-cumi, sotong, gurita diawetkan",78
"1,000,000 - 1,499,999",Udang dan hewan air lainnya yang diawetkan,27
"1,000,000 - 1,499,999",Ikan matang,961
"1,000,000 - 1,499,999",DAGING,9416
"1,000,000 - 1,499,999",Daging sapi,813
"1,000,000 - 1,499,999","Daging kambing, domba/biri-biri",36
"1,000,000 - 1,499,999",Daging babi,340
"1,000,000 - 1,499,999",Daging ayam ras,4279
"1,000,000 - 1,499,999",Daging ayam kampung,745
"1,000,000 - 1,499,999",Daging segar lainnya,103
"1,000,000 - 1,499,999",Daging diawetkan lainnya,71
"1,000,000 - 1,499,999","Tetelan, sandung lamur",78
"1,000,000 - 1,499,999","Lainnya ( hati, jeroan, iga, kaki, buntut, kepala, dsb)",236
"1,000,000 - 1,499,999","Ayam/daging matang (ayam goreng, rendang, dsb)",1750
"1,000,000 - 1,499,999","Daging olahan (sosis, nugget, daging asap, dsb) matang",965
"1,000,000 - 1,499,999",TELUR DAN SUSU,8898
"1,000,000 - 1,499,999",Telur ayam ras,3739
"1,000,000 - 1,499,999",Telur ayam kampung,163
"1,000,000 - 1,499,999",Telur itik/telur itik manila,91
"1,000,000 - 1,499,999","Telur lainnya (telur puyuh, telur asin mentah maupun matang,",113
"1,000,000 - 1,499,999",Susu cair pabrik,492
"1,000,000 - 1,499,999",Susu kental manis,877
"1,000,000 - 1,499,999",Susu bubuk,1602
"1,000,000 - 1,499,999",Susu bubuk bayi,1666
"1,000,000 - 1,499,999",Susu lainnya dan hasil lain dari susu,154
"1,000,000 - 1,499,999",SAYUR-SAYURAN,12147
"1,000,000 - 1,499,999",Bayam,528
"1,000,000 - 1,499,999",Kangkung,551
"1,000,000 - 1,499,999",Kol/Kubis,206
"1,000,000 - 1,499,999",Sawi putih (petsai),170
"1,000,000 - 1,499,999",Sawi hijau,242
"1,000,000 - 1,499,999",Buncis,176
"1,000,000 - 1,499,999",Kacang panjang,399
"1,000,000 - 1,499,999","Tomat sayur, tomat ceri",446
"1,000,000 - 1,499,999",Wortel,284
"1,000,000 - 1,499,999",Mentimun,300
"1,000,000 - 1,499,999",Daun ketela pohon/daun singkong,300
"1,000,000 - 1,499,999",Terong,393
"1,000,000 - 1,499,999",Tauge,186
"1,000,000 - 1,499,999","Labu, labu siam, labu parang",228
"1,000,000 - 1,499,999",Bahan sayur sop/cap cay/ kimlo (paket),515
"1,000,000 - 1,499,999",Bahan sayur asam/lodeh (paket),301
"1,000,000 - 1,499,999",Nangka muda,67
"1,000,000 - 1,499,999",Pepaya muda,85
"1,000,000 - 1,499,999",Jengkol,326
"1,000,000 - 1,499,999",Bawang merah,1764
"1,000,000 - 1,499,999",Bawang putih,1368
"1,000,000 - 1,499,999",Cabe merah,1396
"1,000,000 - 1,499,999",Cabe hijau,196
"1,000,000 - 1,499,999",Cabe rawit,1287
"1,000,000 - 1,499,999",Sayur-sayuran lainnya,434
"1,000,000 - 1,499,999",KACANG-KACANGAN,3070
"1,000,000 - 1,499,999",Kacang tanah tanpa kulit,132
"1,000,000 - 1,499,999",Kacang kedele,12
"1,000,000 - 1,499,999",Kacang lainnya,87
"1,000,000 - 1,499,999",Tahu,1381
"1,000,000 - 1,499,999",Tempe,1415
"1,000,000 - 1,499,999",Oncom,36
"1,000,000 - 1,499,999",Hasil lain dari kacang-kacangan,7
"1,000,000 - 1,499,999",BUAH-BUAHAN,7523
"1,000,000 - 1,499,999","Jeruk, jeruk bali",1047
"1,000,000 - 1,499,999",Mangga,174
"1,000,000 - 1,499,999",Apel,483
"1,000,000 - 1,499,999",Rambutan,680
"1,000,000 - 1,499,999","Duku, langsat",1086
"1,000,000 - 1,499,999",Durian,844
"1,000,000 - 1,499,999",Salak,323
"1,000,000 - 1,499,999",Pisang ambon,356
"1,000,000 - 1,499,999",Pisang lainnya,834
"1,000,000 - 1,499,999",Pepaya,430
"1,000,000 - 1,499,999",Semangka,281
"1,000,000 - 1,499,999",Tomat buah,125
"1,000,000 - 1,499,999",Buah-buahan lainnya,859
"1,000,000 - 1,499,999",MINYAK DAN KELAPA,3750
"1,000,000 - 1,499,999",Minyak kelapa,204
"1,000,000 - 1,499,999","Minyak goreng (kelapa sawit, bunga matahari)",3038
"1,000,000 - 1,499,999",Kelapa (tidak termasuk santan instan),457
"1,000,000 - 1,499,999",Minyak dan kelapa lainnya,51
"1,000,000 - 1,499,999",BAHAN MINUMAN,4821
"1,000,000 - 1,499,999",Gula pasir,2092
"1,000,000 - 1,499,999","Gula merah, gula air (pohom aren, kelapa, lontar)",230
"1,000,000 - 1,499,999",Teh bubuk,146
"1,000,000 - 1,499,999",Teh celup (sachet),420
"1,000,000 - 1,499,999","Kopi (bubuk,biji)",690
"1,000,000 - 1,499,999",Kopi instan (sachet),1175
"1,000,000 - 1,499,999",Bahan minuman lainnya,69
"1,000,000 - 1,499,999",BUMBU-BUMBUAN,3101
"1,000,000 - 1,499,999",Garam,302
"1,000,000 - 1,499,999",Kemiri,219
"1,000,000 - 1,499,999",Ketumbar/jinten,135
"1,000,000 - 1,499,999",Merica/lada,220
"1,000,000 - 1,499,999",Asam,162
"1,000,000 - 1,499,999",Terasi/petis,198
"1,000,000 - 1,499,999",Kecap,573
"1,000,000 - 1,499,999",Penyedap masakan/vetsin,385
"1,000,000 - 1,499,999",Sambal jadi,57
"1,000,000 - 1,499,999",Saus tomat,72
"1,000,000 - 1,499,999","Bumbu maskan jadi/kemasan, bumbu racikan",284
"1,000,000 - 1,499,999","Bumbu dapur lainnya (pala, jahe, kunyit, dsb)",494
"1,000,000 - 1,499,999",BAHAN MAKANAN LAINNYA,2867
"1,000,000 - 1,499,999",Mie instan,2304
"1,000,000 - 1,499,999",Kerupuk,419
"1,000,000 - 1,499,999",Bubur bayi kemasan,110
"1,000,000 - 1,499,999",Lainnya,34
"1,000,000 - 1,499,999",MAKANAN MINUMAN JADI,51458
"1,000,000 - 1,499,999",Roti tawar,375
"1,000,000 - 1,499,999","Roti manis, roti lainnya",1820
"1,000,000 - 1,499,999","Kue kering, biskuit, semprong",1431
"1,000,000 - 1,499,999","Kue basah (kue lapis, bika ambon, lemper, dsb)",1877
"1,000,000 - 1,499,999",Makanan gorengan,3035
"1,000,000 - 1,499,999",Bubur kacang hijau,599
"1,000,000 - 1,499,999","Gado-gado, ketoprak, pecel",1408
"1,000,000 - 1,499,999",Nasi campur/rames,7441
"1,000,000 - 1,499,999",Nasi goreng,2110
"1,000,000 - 1,499,999",Nasi putih,1047
"1,000,000 - 1,499,999",Lontong/ketupat sayur,1393
"1,000,000 - 1,499,999","Soto, gule, sop, rawon, cincang",1456
"1,000,000 - 1,499,999","Sayur matang (ditumis, disantan, dsb)",1291
"1,000,000 - 1,499,999","Sate, tongseng",867
"1,000,000 - 1,499,999","Mie bakso, mie rebus, mie goreng",5406
"1,000,000 - 1,499,999",Mie instan,500
"1,000,000 - 1,499,999","Makanan ringan anak-anak, krupuk/kripik",2499
"1,000,000 - 1,499,999",Bubur ayam,1128
"1,000,000 - 1,499,999","Siomay, batagor",1325
"1,000,000 - 1,499,999",Makanan jadi lainnya,1429
"1,000,000 - 1,499,999",Air kemasan,992
"1,000,000 - 1,499,999",Air kemasan galon,1571
"1,000,000 - 1,499,999","Air teh kemasan, minuman bersoda/mengandung CO2",618
"1,000,000 - 1,499,999","Sari buah kemasan, minuman kesehatan, minuman berenergi",559
"1,000,000 - 1,499,999","Minuman jadi (kopi, kopi susu, teh, susu coklat, dsb)",3262
"1,000,000 - 1,499,999",Es krim,891
"1,000,000 - 1,499,999",Es lainnya,1361
"1,000,000 - 1,499,999",Minuman keras,90
"1,000,000 - 1,499,999",ROKOK DAN TEMBAKAU,21532
"1,000,000 - 1,499,999",Rokok kretek filter,17334
"1,000,000 - 1,499,999",Rokok kretek tanpa filter,2577
"1,000,000 - 1,499,999",Rokok putih,1331
"1,000,000 - 1,499,999",Tembakau,145
"1,000,000 - 1,499,999",Rokok dan tembakau lainnya,146
">1,500,000",PADI-PADIAN,16899
">1,500,000","Beras (beras lokal, kualitas unggul, impor)",15701
">1,500,000",Beras ketan,100
">1,500,000",Jagung basah degan kulit,446
">1,500,000",Jagung pipilan/beras jagung/jagung titi,54
">1,500,000",Tepung terigu,549
">1,500,000",Padi-padian lainnya,49
">1,500,000",UMBI-UMBIAN,2488
">1,500,000",Ketala pohon/singkong,499
">1,500,000",Ketela rambat/ubi jalar,646
">1,500,000",Sagu (bukan dari ketela pohon),55
">1,500,000",Talas/keladi,104
">1,500,000",Kentang,1151
">1,500,000",Gaplek,11
">1,500,000",Umbi-umbian lainnya,22
">1,500,000",IKAN,21566
">1,500,000",Ekor kuning,333
">1,500,000","Tongkol, tuna, cakalang, dencis, ikan kayu",1881
">1,500,000",Tenggiri,296
">1,500,000",Selar,348
">1,500,000","Kembung, lema/tatare, banyar/banyara",1494
">1,500,000",Teri,228
">1,500,000",Bandeng,1012
">1,500,000",Gabus,333
">1,500,000",Mujair,914
">1,500,000","Mas, Nila",1845
">1,500,000",Lele,1116
">1,500,000",Kakap,483
">1,500,000",Baronang,97
">1,500,000",Patin,443
">1,500,000",Bawal,404
">1,500,000",Gurame,505
">1,500,000",Ikan segar/basah lainnya,1249
">1,500,000","Udang, lobster",2122
">1,500,000","Cumi-cumi, sotong, gurita",1065
">1,500,000","Ketam, kepiting, rajungan",192
">1,500,000","Kerang, siput, bekicot, remis",116
">1,500,000",Udang dan hewan air lainnya yang segar lainnya,139
">1,500,000",Kembung diawetkan/peda,153
">1,500,000",Tenggiri diawetkan,43
">1,500,000",Tongkol/tuna/cakalang diawetkan,333
">1,500,000",Teri diawetkan,766
">1,500,000",Selar diawetkan,67
">1,500,000",Sepat diawetkan,115
">1,500,000",Bandeng diawetkan,165
">1,500,000",Gabus diawetkan,101
">1,500,000","Ikan dalam kaleng (sardencis, tuna dalam kaleng, dsb)",159
">1,500,000",Ikan diawetkan lainnya,324
">1,500,000","Udang diawetkan (ebi, rebon)",77
">1,500,000","Cumi-cumi, sotong, gurita diawetkan",205
">1,500,000",Udang dan hewan air lainnya yang diawetkan,28
">1,500,000",Ikan matang,2415
">1,500,000",DAGING,18881
">1,500,000",Daging sapi,3146
">1,500,000","Daging kambing, domba/biri-biri",99
">1,500,000",Daging babi,590
">1,500,000",Daging ayam ras,6612
">1,500,000",Daging ayam kampung,1215
">1,500,000",Daging segar lainnya,191
">1,500,000",Daging diawetkan lainnya,292
">1,500,000","Tetelan, sandung lamur",214
">1,500,000","Lainnya ( hati, jeroan, iga, kaki, buntut, kepala, dsb)",406
">1,500,000","Ayam/daging matang (ayam goreng, rendang, dsb)",4760
">1,500,000","Daging olahan (sosis, nugget, daging asap, dsb) matang",1356
">1,500,000",TELUR DAN SUSU,15780
">1,500,000",Telur ayam ras,4801
">1,500,000",Telur ayam kampung,252
">1,500,000",Telur itik/telur itik manila,124
">1,500,000","Telur lainnya (telur puyuh, telur asin mentah maupun matang,",212
">1,500,000",Susu cair pabrik,1213
">1,500,000",Susu kental manis,1060
">1,500,000",Susu bubuk,4458
">1,500,000",Susu bubuk bayi,3109
">1,500,000",Susu lainnya dan hasil lain dari susu,552
">1,500,000",SAYUR-SAYURAN,15723
">1,500,000",Bayam,714
">1,500,000",Kangkung,672
">1,500,000",Kol/Kubis,279
">1,500,000",Sawi putih (petsai),301
">1,500,000",Sawi hijau,377
">1,500,000",Buncis,307
">1,500,000",Kacang panjang,449
">1,500,000","Tomat sayur, tomat ceri",615
">1,500,000",Wortel,543
">1,500,000",Mentimun,408
">1,500,000",Daun ketela pohon/daun singkong,247
">1,500,000",Terong,401
">1,500,000",Tauge,262
">1,500,000","Labu, labu siam, labu parang",324
">1,500,000",Bahan sayur sop/cap cay/ kimlo (paket),757
">1,500,000",Bahan sayur asam/lodeh (paket),443
">1,500,000",Nangka muda,76
">1,500,000",Pepaya muda,60
">1,500,000",Jengkol,372
">1,500,000",Bawang merah,2144
">1,500,000",Bawang putih,1742
">1,500,000",Cabe merah,1845
">1,500,000",Cabe hijau,271
">1,500,000",Cabe rawit,1536
">1,500,000",Sayur-sayuran lainnya,578
">1,500,000",KACANG-KACANGAN,3764
">1,500,000",Kacang tanah tanpa kulit,193
">1,500,000",Kacang kedele,20
">1,500,000",Kacang lainnya,123
">1,500,000",Tahu,1705
">1,500,000",Tempe,1668
">1,500,000",Oncom,43
">1,500,000",Hasil lain dari kacang-kacangan,13
">1,500,000",BUAH-BUAHAN,15113
">1,500,000","Jeruk, jeruk bali",2141
">1,500,000",Mangga,370
">1,500,000",Apel,1594
">1,500,000",Rambutan,844
">1,500,000","Duku, langsat",1819
">1,500,000",Durian,2239
">1,500,000",Salak,407
">1,500,000",Pisang ambon,856
">1,500,000",Pisang lainnya,1288
">1,500,000",Pepaya,820
">1,500,000",Semangka,541
">1,500,000",Tomat buah,177
">1,500,000",Buah-buahan lainnya,2019
">1,500,000",MINYAK DAN KELAPA,4392
">1,500,000",Minyak kelapa,243
">1,500,000","Minyak goreng (kelapa sawit, bunga matahari)",3586
">1,500,000",Kelapa (tidak termasuk santan instan),441
">1,500,000",Minyak dan kelapa lainnya,121
">1,500,000",BAHAN MINUMAN,5940
">1,500,000",Gula pasir,2171
">1,500,000","Gula merah, gula air (pohom aren, kelapa, lontar)",276
">1,500,000",Teh bubuk,131
">1,500,000",Teh celup (sachet),575
">1,500,000","Kopi (bubuk,biji)",775
">1,500,000",Kopi instan (sachet),1776
">1,500,000",Bahan minuman lainnya,236
">1,500,000",BUMBU-BUMBUAN,4189
">1,500,000",Garam,331
">1,500,000",Kemiri,262
">1,500,000",Ketumbar/jinten,165
">1,500,000",Merica/lada,298
">1,500,000",Asam,177
">1,500,000",Terasi/petis,208
">1,500,000",Kecap,808
">1,500,000",Penyedap masakan/vetsin,437
">1,500,000",Sambal jadi,192
">1,500,000",Saus tomat,204
">1,500,000","Bumbu maskan jadi/kemasan, bumbu racikan",484
">1,500,000","Bumbu dapur lainnya (pala, jahe, kunyit, dsb)",622
">1,500,000",BAHAN MAKANAN LAINNYA,3825
">1,500,000",Mie instan,2896
">1,500,000",Kerupuk,650
">1,500,000",Bubur bayi kemasan,160
">1,500,000",Lainnya,119
">1,500,000",MAKANAN MINUMAN JADI,96534
">1,500,000",Roti tawar,1171
">1,500,000","Roti manis, roti lainnya",3224
">1,500,000","Kue kering, biskuit, semprong",2320
">1,500,000","Kue basah (kue lapis, bika ambon, lemper, dsb)",2984
">1,500,000",Makanan gorengan,3511
">1,500,000",Bubur kacang hijau,1053
">1,500,000","Gado-gado, ketoprak, pecel",2684
">1,500,000",Nasi campur/rames,16648
">1,500,000",Nasi goreng,4525
">1,500,000",Nasi putih,2173
">1,500,000",Lontong/ketupat sayur,2082
">1,500,000","Soto, gule, sop, rawon, cincang",3600
">1,500,000","Sayur matang (ditumis, disantan, dsb)",2295
">1,500,000","Sate, tongseng",2365
">1,500,000","Mie bakso, mie rebus, mie goreng",8336
">1,500,000",Mie instan,701
">1,500,000","Makanan ringan anak-anak, krupuk/kripik",3046
">1,500,000",Bubur ayam,2527
">1,500,000","Siomay, batagor",2048
">1,500,000",Makanan jadi lainnya,2928
">1,500,000",Air kemasan,2734
">1,500,000",Air kemasan galon,3897
">1,500,000","Air teh kemasan, minuman bersoda/mengandung CO2",1145
">1,500,000","Sari buah kemasan, minuman kesehatan, minuman berenergi",1216
">1,500,000","Minuman jadi (kopi, kopi susu, teh, susu coklat, dsb)",4767
">1,500,000",Es krim,1509
">1,500,000",Es lainnya,2369
">1,500,000",Minuman keras,146
">1,500,000",ROKOK DAN TEMBAKAU,26446
">1,500,000",Rokok kretek filter,21125
">1,500,000",Rokok kretek tanpa filter,2191
">1,500,000",Rokok putih,2681
">1,500,000",Tembakau,71
">1,500,000",Rokok dan tembakau lainnya,378
Rata-Rata per Kapita,PADI-PADIAN,15584
Rata-Rata per Kapita,"Beras (beras lokal, kualitas unggul, impor)",14713
Rata-Rata per Kapita,Beras ketan,69
Rata-Rata per Kapita,Jagung basah degan kulit,289
Rata-Rata per Kapita,Jagung pipilan/beras jagung/jagung titi,94
Rata-Rata per Kapita,Tepung terigu,397
Rata-Rata per Kapita,Padi-padian lainnya,21
Rata-Rata per Kapita,UMBI-UMBIAN,1484
Rata-Rata per Kapita,Ketala pohon/singkong,382
Rata-Rata per Kapita,Ketela rambat/ubi jalar,381
Rata-Rata per Kapita,Sagu (bukan dari ketela pohon),52
Rata-Rata per Kapita,Talas/keladi,67
Rata-Rata per Kapita,Kentang,578
Rata-Rata per Kapita,Gaplek,11
Rata-Rata per Kapita,Umbi-umbian lainnya,14
Rata-Rata per Kapita,IKAN,11845
Rata-Rata per Kapita,Ekor kuning,189
Rata-Rata per Kapita,"Tongkol, tuna, cakalang, dencis, ikan kayu",1274
Rata-Rata per Kapita,Tenggiri,111
Rata-Rata per Kapita,Selar,241
Rata-Rata per Kapita,"Kembung, lema/tatare, banyar/banyara",838
Rata-Rata per Kapita,Teri,169
Rata-Rata per Kapita,Bandeng,614
Rata-Rata per Kapita,Gabus,216
Rata-Rata per Kapita,Mujair,546
Rata-Rata per Kapita,"Mas, Nila",969
Rata-Rata per Kapita,Lele,710
Rata-Rata per Kapita,Kakap,178
Rata-Rata per Kapita,Baronang,51
Rata-Rata per Kapita,Patin,270
Rata-Rata per Kapita,Bawal,181
Rata-Rata per Kapita,Gurame,156
Rata-Rata per Kapita,Ikan segar/basah lainnya,904
Rata-Rata per Kapita,"Udang, lobster",780
Rata-Rata per Kapita,"Cumi-cumi, sotong, gurita",390
Rata-Rata per Kapita,"Ketam, kepiting, rajungan",72
Rata-Rata per Kapita,"Kerang, siput, bekicot, remis",60
Rata-Rata per Kapita,Udang dan hewan air lainnya yang segar lainnya,63
Rata-Rata per Kapita,Kembung diawetkan/peda,134
Rata-Rata per Kapita,Tenggiri diawetkan,26
Rata-Rata per Kapita,Tongkol/tuna/cakalang diawetkan,304
Rata-Rata per Kapita,Teri diawetkan,556
Rata-Rata per Kapita,Selar diawetkan,71
Rata-Rata per Kapita,Sepat diawetkan,90
Rata-Rata per Kapita,Bandeng diawetkan,112
Rata-Rata per Kapita,Gabus diawetkan,44
Rata-Rata per Kapita,"Ikan dalam kaleng (sardencis, tuna dalam kaleng, dsb)",80
Rata-Rata per Kapita,Ikan diawetkan lainnya,309
Rata-Rata per Kapita,"Udang diawetkan (ebi, rebon)",54
Rata-Rata per Kapita,"Cumi-cumi, sotong, gurita diawetkan",78
Rata-Rata per Kapita,Udang dan hewan air lainnya yang diawetkan,24
Rata-Rata per Kapita,Ikan matang,981
Rata-Rata per Kapita,DAGING,8918
Rata-Rata per Kapita,Daging sapi,1027
Rata-Rata per Kapita,"Daging kambing, domba/biri-biri",39
Rata-Rata per Kapita,Daging babi,323
Rata-Rata per Kapita,Daging ayam ras,3648
Rata-Rata per Kapita,Daging ayam kampung,653
Rata-Rata per Kapita,Daging segar lainnya,93
Rata-Rata per Kapita,Daging diawetkan lainnya,95
Rata-Rata per Kapita,"Tetelan, sandung lamur",79
Rata-Rata per Kapita,"Lainnya ( hati, jeroan, iga, kaki, buntut, kepala, dsb)",213
Rata-Rata per Kapita,"Ayam/daging matang (ayam goreng, rendang, dsb)",1865
Rata-Rata per Kapita,"Daging olahan (sosis, nugget, daging asap, dsb) matang",883
Rata-Rata per Kapita,TELUR DAN SUSU,8134
Rata-Rata per Kapita,Telur ayam ras,3303
Rata-Rata per Kapita,Telur ayam kampung,147
Rata-Rata per Kapita,Telur itik/telur itik manila,73
Rata-Rata per Kapita,"Telur lainnya (telur puyuh, telur asin mentah maupun matang,",98
Rata-Rata per Kapita,Susu cair pabrik,480
Rata-Rata per Kapita,Susu kental manis,718
Rata-Rata per Kapita,Susu bubuk,1673
Rata-Rata per Kapita,Susu bubuk bayi,1454
Rata-Rata per Kapita,Susu lainnya dan hasil lain dari susu,188
Rata-Rata per Kapita,SAYUR-SAYURAN,10592
Rata-Rata per Kapita,Bayam,471
Rata-Rata per Kapita,Kangkung,483
Rata-Rata per Kapita,Kol/Kubis,181
Rata-Rata per Kapita,Sawi putih (petsai),160
Rata-Rata per Kapita,Sawi hijau,215
Rata-Rata per Kapita,Buncis,165
Rata-Rata per Kapita,Kacang panjang,345
Rata-Rata per Kapita,"Tomat sayur, tomat ceri",395
Rata-Rata per Kapita,Wortel,267
Rata-Rata per Kapita,Mentimun,251
Rata-Rata per Kapita,Daun ketela pohon/daun singkong,276
Rata-Rata per Kapita,Terong,329
Rata-Rata per Kapita,Tauge,163
Rata-Rata per Kapita,"Labu, labu siam, labu parang",210
Rata-Rata per Kapita,Bahan sayur sop/cap cay/ kimlo (paket),468
Rata-Rata per Kapita,Bahan sayur asam/lodeh (paket),260
Rata-Rata per Kapita,Nangka muda,55
Rata-Rata per Kapita,Pepaya muda,78
Rata-Rata per Kapita,Jengkol,247
Rata-Rata per Kapita,Bawang merah,1516
Rata-Rata per Kapita,Bawang putih,1202
Rata-Rata per Kapita,Cabe merah,1158
Rata-Rata per Kapita,Cabe hijau,164
Rata-Rata per Kapita,Cabe rawit,1120
Rata-Rata per Kapita,Sayur-sayuran lainnya,414
Rata-Rata per Kapita,KACANG-KACANGAN,2719
Rata-Rata per Kapita,Kacang tanah tanpa kulit,120
Rata-Rata per Kapita,Kacang kedele,12
Rata-Rata per Kapita,Kacang lainnya,82
Rata-Rata per Kapita,Tahu,1226
Rata-Rata per Kapita,Tempe,1242
Rata-Rata per Kapita,Oncom,31
Rata-Rata per Kapita,Hasil lain dari kacang-kacangan,7
Rata-Rata per Kapita,BUAH-BUAHAN,7027
Rata-Rata per Kapita,"Jeruk, jeruk bali",965
Rata-Rata per Kapita,Mangga,160
Rata-Rata per Kapita,Apel,566
Rata-Rata per Kapita,Rambutan,553
Rata-Rata per Kapita,"Duku, langsat",927
Rata-Rata per Kapita,Durian,879
Rata-Rata per Kapita,Salak,256
Rata-Rata per Kapita,Pisang ambon,364
Rata-Rata per Kapita,Pisang lainnya,747
Rata-Rata per Kapita,Pepaya,400
Rata-Rata per Kapita,Semangka,251
Rata-Rata per Kapita,Tomat buah,111
Rata-Rata per Kapita,Buah-buahan lainnya,848
Rata-Rata per Kapita,MINYAK DAN KELAPA,3303
Rata-Rata per Kapita,Minyak kelapa,190
Rata-Rata per Kapita,"Minyak goreng (kelapa sawit, bunga matahari)",2680
Rata-Rata per Kapita,Kelapa (tidak termasuk santan instan),381
Rata-Rata per Kapita,Minyak dan kelapa lainnya,52
Rata-Rata per Kapita,BAHAN MINUMAN,4279
Rata-Rata per Kapita,Gula pasir,1830
Rata-Rata per Kapita,"Gula merah, gula air (pohom aren, kelapa, lontar)",203
Rata-Rata per Kapita,Teh bubuk,135
Rata-Rata per Kapita,Teh celup (sachet),363
Rata-Rata per Kapita,"Kopi (bubuk,biji)",616
Rata-Rata per Kapita,Kopi instan (sachet),1047
Rata-Rata per Kapita,Bahan minuman lainnya,85
Rata-Rata per Kapita,BUMBU-BUMBUAN,2756
Rata-Rata per Kapita,Garam,273
Rata-Rata per Kapita,Kemiri,185
Rata-Rata per Kapita,Ketumbar/jinten,118
Rata-Rata per Kapita,Merica/lada,200
Rata-Rata per Kapita,Asam,137
Rata-Rata per Kapita,Terasi/petis,170
Rata-Rata per Kapita,Kecap,500
Rata-Rata per Kapita,Penyedap masakan/vetsin,345
Rata-Rata per Kapita,Sambal jadi,68
Rata-Rata per Kapita,Saus tomat,76
Rata-Rata per Kapita,"Bumbu maskan jadi/kemasan, bumbu racikan",263
Rata-Rata per Kapita,"Bumbu dapur lainnya (pala, jahe, kunyit, dsb)",422
Rata-Rata per Kapita,BAHAN MAKANAN LAINNYA,2467
Rata-Rata per Kapita,Mie instan,1958
Rata-Rata per Kapita,Kerupuk,368
Rata-Rata per Kapita,Bubur bayi kemasan,96
Rata-Rata per Kapita,Lainnya,45
Rata-Rata per Kapita,MAKANAN MINUMAN JADI,48238
Rata-Rata per Kapita,Roti tawar,436
Rata-Rata per Kapita,"Roti manis, roti lainnya",1776
Rata-Rata per Kapita,"Kue kering, biskuit, semprong",1312
Rata-Rata per Kapita,"Kue basah (kue lapis, bika ambon, lemper, dsb)",1733
Rata-Rata per Kapita,Makanan gorengan,2645
Rata-Rata per Kapita,Bubur kacang hijau,543
Rata-Rata per Kapita,"Gado-gado, ketoprak, pecel",1306
Rata-Rata per Kapita,Nasi campur/rames,7251
Rata-Rata per Kapita,Nasi goreng,1938
Rata-Rata per Kapita,Nasi putih,1006
Rata-Rata per Kapita,Lontong/ketupat sayur,1151
Rata-Rata per Kapita,"Soto, gule, sop, rawon, cincang",1511
Rata-Rata per Kapita,"Sayur matang (ditumis, disantan, dsb)",1216
Rata-Rata per Kapita,"Sate, tongseng",908
Rata-Rata per Kapita,"Mie bakso, mie rebus, mie goreng",4586
Rata-Rata per Kapita,Mie instan,419
Rata-Rata per Kapita,"Makanan ringan anak-anak, krupuk/kripik",2195
Rata-Rata per Kapita,Bubur ayam,1126
Rata-Rata per Kapita,"Siomay, batagor",1191
Rata-Rata per Kapita,Makanan jadi lainnya,1466
Rata-Rata per Kapita,Air kemasan,1049
Rata-Rata per Kapita,Air kemasan galon,1608
Rata-Rata per Kapita,"Air teh kemasan, minuman bersoda/mengandung CO2",587
Rata-Rata per Kapita,"Sari buah kemasan, minuman kesehatan, minuman berenergi",575
Rata-Rata per Kapita,"Minuman jadi (kopi, kopi susu, teh, susu coklat, dsb)",2819
Rata-Rata per Kapita,Es krim,793
Rata-Rata per Kapita,Es lainnya,1279
Rata-Rata per Kapita,Minuman keras,83
Rata-Rata per Kapita,ROKOK DAN TEMBAKAU,17136
Rata-Rata per Kapita,Rokok kretek filter,13423
Rata-Rata per Kapita,Rokok kretek tanpa filter,2175
Rata-Rata per Kapita,Rokok putih,1201
Rata-Rata per Kapita,Tembakau,150
Rata-Rata per Kapita,Rokok dan tembakau lainnya,186
